Model,准确率acc,耗时time
cnn,0.88611,64.41968
lstm,0.87025,677.31274
gru,0.86233,451.46282
rnn,0.87234,139.12696
